Make,Model,Class,EngineSize,Cylinders,Transmission,FuelType,ConsumptionCity,ConsumptionHwy,ConsumptionComb,CO2_Emissions,CO2_Rating
Alfa Romeo,Giulia,Mid-size,2,4,A8,Z,10,7.2,8.7,205,5
Alfa Romeo,Giulia AWD,Mid-size,2,4,A8,Z,10.5,7.7,9.2,217,5
Alfa Romeo,Giulia Quadrifoglio,Mid-size,2.9,6,A8,Z,13.5,9.3,11.6,271,4
Alfa Romeo,Stelvio,SUV: Small,2,4,A8,Z,10.3,8.1,9.3,218,5
Alfa Romeo,Stelvio AWD,SUV: Small,2,4,A8,Z,10.8,8.3,9.6,226,5
Alfa Romeo,Stelvio AWD Quadrifoglio,SUV: Small,2.9,6,A8,Z,13.9,10.3,12.3,288,4
Aston Martin,DB11 V8,Minicompact,4,8,A8,Z,13,9.8,11.5,271,4
Aston Martin,DB11 V12,Minicompact,5.2,12,A8,Z,16.4,10.7,13.8,324,3
Aston Martin,DBS V12,Minicompact,5.2,12,A8,Z,16.4,10.7,13.8,324,3
Aston Martin,DBX V8,SUV: Standard,4,8,A9,Z,16.8,11.9,14.6,343,3
Aston Martin,DBX707,SUV: Standard,4,8,A9,Z,15.7,12,14,329,3
Aston Martin,Vantage V8,Two-seater,4,8,A8,Z,13.1,9.6,11.5,270,4
Aston Martin,V12 Vantage,Two-seater,5.2,12,A8,Z,17.2,10.8,14.3,337,3
Audi,A3 40 TFSI quattro,Subcompact,2,4,AM7,X,8.7,6.8,7.9,183,6
Audi,A4 Sedan 45 TFSI quattro,Compact,2,4,AM7,Z,9.7,7.4,8.7,203,5
Audi,A4 allroad 45 TFSI quattro,Station wagon: Small,2,4,AM7,Z,10.1,7.9,9.1,214,5
Audi,A5 Cabriolet 45 TFSI quattro,Subcompact,2,4,AM7,Z,9.9,7.6,8.9,208,5
Audi,A5 Coupé 45 TFSI quattro,Subcompact,2,4,AM7,Z,9.7,7.4,8.7,203,5
Audi,A5 Sportback 45 TFSI quattro,Mid-size,2,4,AM7,Z,9.7,7.4,8.7,203,5
Audi,A6 45 TFSI quattro,Mid-size,2,4,AM7,Z,10,7.5,8.9,207,5
Audi,A6 55 TFSI quattro,Mid-size,3,6,AM7,Z,11.1,7.8,9.6,224,5
Audi,A6 allroad 55 TFSI quattro,Station wagon: Mid-size,3,6,AM7,Z,11.1,7.8,9.6,224,5
Audi,A7 Sportback 55 TFSI quattro,Mid-size,3,6,AM7,Z,11.1,7.8,9.6,224,5
Audi,A8 L Sedan 55 TFSI quattro,Full-size,3,6,AS8,Z,12.5,8.3,10.6,247,5
Audi,Q3 45 TFSI quattro,SUV: Small,2,4,AS8,X,11.2,8.4,10,233,5
Audi,Q5 40 TFSI quattro,SUV: Small,2,4,AM7,Z,10.2,8.2,9.3,217,5
Audi,Q5 45 TFSI quattro,SUV: Small,2,4,AM7,Z,10.6,8.2,9.5,223,5
Audi,Q5 Sportback 45 TFSI quattro,SUV: Small,2,4,AM7,Z,10.6,8.2,9.5,223,5
Audi,Q7 45 TFSI quattro,SUV: Standard,2,4,AS8,Z,12.2,9.5,11,257,4
Audi,Q7 55 TFSI quattro,SUV: Standard,3,6,AS8,Z,12.9,10.9,12,281,4
Audi,Q8 55 TFSI quattro,SUV: Standard,3,6,AS8,Z,12.8,10.4,11.7,273,4
Audi,R8 Coupé Performance,Two-seater,5.2,10,AM7,Z,16.6,10.2,13.7,320,3
Audi,R8 Coupé Performance quattro,Two-seater,5.2,10,AM7,Z,17.7,12.8,15.5,361,2
Audi,R8 Spyder Performance,Two-seater,5.2,10,AM7,Z,16.6,10.2,13.7,320,3
Audi,R8 Spyder Performance quattro,Two-seater,5.2,10,AM7,Z,17.7,12.8,15.5,361,2
Audi,R8 GT Coupé,Two-seater,5.2,10,AM7,Z,16.2,11.2,14,328,3
Audi,RS 5 Coupé quattro,Subcompact,2.9,6,AS8,Z,13.2,9.2,11.4,266,4
Audi,RS 5 Sportback quattro,Mid-size,2.9,6,AS8,Z,13.2,9.3,11.5,267,4
Audi,RS 6 Avant quattro,Station wagon: Mid-size,4,8,AS8,Z,16.4,11.1,14.1,328,3
Audi,RS 7 Sportback quattro,Mid-size,4,8,AS8,Z,16.4,11.1,14.1,328,3
Audi,RS Q8 quattro,SUV: Standard,4,8,AS8,Z,17.5,11.9,15,349,3
Audi,S3 quattro,Subcompact,2,4,AM7,Z,10.2,7.3,8.9,207,5
Audi,S4 Sedan quattro,Compact,3,6,AS8,Z,11.1,8,9.7,226,5
Audi,S5 Cabriolet quattro,Subcompact,3,6,AS8,Z,11.3,8.4,10,233,5
Audi,S5 Coupé quattro,Subcompact,3,6,AS8,Z,11.1,8,9.7,226,5
Audi,S5 Sportback quattro,Mid-size,3,6,AS8,Z,11.1,8,9.7,226,5
Audi,S6 quattro,Mid-size,2.9,6,AS8,Z,12.3,9,10.8,254,5
Audi,S7 quattro,Mid-size,2.9,6,AS8,Z,12.3,9,10.8,254,5
Audi,S8 Sedan quattro,Full-size,4,8,AS8,Z,15.9,10.3,13.4,313,4
Audi,SQ5 quattro,SUV: Small,3,6,AS8,Z,12.5,9.7,11.2,262,4
Audi,SQ5 Sportback quattro,SUV: Small,3,6,AS8,Z,12.5,9.7,11.2,262,4
Audi,SQ7 quattro,SUV: Standard,4,8,AS8,Z,16.1,11.3,13.9,325,3
Audi,SQ8 quattro,SUV: Standard,4,8,AS8,Z,16.1,11.3,13.9,325,3
Audi,TT Coupé 45 TFSI quattro,Subcompact,2,4,AM7,X,10.5,8,9.4,221,5
Audi,TT Roadster 45 TFSI quattro,Two-seater,2,4,AM7,X,10.5,8,9.4,221,5
Audi,TTS Coupé quattro,Subcompact,2,4,AM7,Z,10,7.7,9,209,5
Bentley,Bentayga,SUV: Standard,4,8,AS8,Z,16.2,11.2,14,328,3
Bentley,Bentayga EWB,SUV: Standard,4,8,AS8,Z,16.2,11.2,14,328,3
Bentley,Bentayga Speed,SUV: Standard,6,12,AS8,Z,19.3,12.7,16.3,383,2
Bentley,Continental GT,Subcompact,4,8,AM8,Z,15.3,10.4,13.1,307,4
Bentley,Continental GT Speed,Subcompact,6,12,AM8,Z,19.6,12,16.2,379,2
Bentley,Continental GTC,Minicompact,4,8,AM8,Z,15.8,10.5,13.4,315,4
Bentley,Continental GTC Speed,Minicompact,6,12,AM8,Z,20.3,12.9,17,395,2
Bentley,Flying Spur,Mid-size,4,8,AM8,Z,15.9,10.8,13.6,319,3
Bentley,Flying Spur Speed,Mid-size,6,12,AM8,Z,19.2,12.2,16,373,2
BMW,230i xDrive Coupe,Subcompact,2,4,AS8,Z,9.6,6.9,8.4,195,6
BMW,330i xDrive Sedan,Compact,2,4,AS8,Z,9.8,7,8.6,200,6
BMW,430i xDrive Cabriolet,Subcompact,2,4,AS8,Z,10.1,7.1,8.7,203,5
BMW,430i xDrive Coupe,Subcompact,2,4,AS8,Z,10.1,7.1,8.7,203,5
BMW,530i xDrive Sedan,Mid-size,2,4,AS8,Z,10.1,7.5,8.9,206,5
BMW,540i xDrive Sedan,Mid-size,3,6,AS8,Z,10.5,8.1,9.4,219,5
BMW,760i xDrive Sedan,Full-size,4.4,8,AS8,Z,13,9.1,11.3,261,4
BMW,ALPINA B8 Gran Coupe,Mid-size,4.4,8,AS8,Z,14.1,9.9,12.2,284,4
BMW,ALPINA XB7,SUV: Standard,4.4,8,AS8,Z,15.2,11.6,13.6,314,4
BMW,M2 Coupe,Subcompact,3,6,AS8,Z,14.6,10.3,12.7,294,4
BMW,M2 Coupe,Subcompact,3,6,M6,Z,14.3,10,12.4,287,4
BMW,M240i xDrive Coupe,Subcompact,3,6,AS8,Z,10.4,7.4,9,210,5
BMW,M3 Sedan,Compact,3,6,M6,Z,14.7,10.1,12.6,293,4
BMW,M3 Competition M xDrive Sedan,Compact,3,6,AS8,Z,14.6,10.5,12.7,296,4
BMW,M340i xDrive Sedan,Compact,3,6,AS8,Z,10.3,7.4,9,210,5
BMW,M4 Competition M xDrive Cabriolet,Subcompact,3,6,AS8,Z,15.1,10.4,12.9,301,4
BMW,M4 Coupe,Subcompact,3,6,M6,Z,14.7,10.1,12.6,293,4
BMW,M4 Competition M xDrive Coupe,Subcompact,3,6,AS8,Z,14.6,10.5,12.7,296,4
BMW,M4 CSL Coupe,Subcompact,3,6,AS8,Z,15,10.3,12.9,301,4
BMW,M440i xDrive Cabriolet,Subcompact,3,6,AS8,Z,10.6,7.7,9.3,216,5
BMW,M440i xDrive Coupe,Subcompact,3,6,AS8,Z,10.7,7.6,9.3,216,5
BMW,M5 Sedan,Mid-size,4.4,8,AS8,Z,16.1,11.1,13.8,324,3
BMW,M5 Competition Sedan,Mid-size,4.4,8,AS8,Z,16.1,11.1,13.8,324,3
BMW,M550i xDrive Sedan,Mid-size,4.4,8,AS8,Z,14,9.5,12,277,4
BMW,M8 Competition Cabriolet,Subcompact,4.4,8,AS8,Z,16.1,10.9,13.7,321,3
BMW,M8 Competition Coupe,Subcompact,4.4,8,AS8,Z,16.1,10.9,13.7,321,3
BMW,M8 Competition Gran Coupe,Mid-size,4.4,8,AS8,Z,16.1,10.9,13.7,321,3
BMW,M850i xDrive Cabriolet,Subcompact,4.4,8,AS8,Z,14.1,9.9,12.2,284,4
BMW,M850i xDrive Coupe,Subcompact,4.4,8,AS8,Z,14.1,9.9,12.2,284,4
BMW,M850i xDrive Gran Coupe,Mid-size,4.4,8,AS8,Z,14.1,9.9,12.2,284,4
BMW,X1 xDrive28i,SUV: Small,2,4,AM7,Z,9.6,7,8.4,195,6
BMW,X3 xDrive30i,SUV: Small,2,4,AS8,Z,11,8.4,9.9,229,5
BMW,X3 M,SUV: Small,3,6,AS8,Z,15.7,11.7,13.9,323,3
BMW,X3 M Competition,SUV: Small,3,6,AS8,Z,15.7,11.7,13.9,323,3
BMW,X3 M40i,SUV: Small,3,6,AS8,Z,10.9,9,10.1,235,5
BMW,X4 xDrive30i,SUV: Small,2,4,AS8,Z,11,8.4,9.9,229,5
BMW,X4 M,SUV: Small,3,6,AS8,Z,15.7,11.7,13.9,323,3
BMW,X4 M Competition,SUV: Small,3,6,AS8,Z,15.7,11.7,13.9,323,3
BMW,X4 M40i,SUV: Small,3,6,AS8,Z,10.9,9,10.1,235,5
BMW,X5 xDrive40i,SUV: Standard,3,6,AS8,Z,11.4,9.3,10.4,242,5
BMW,X5 M,SUV: Standard,4.4,8,AS8,Z,17.9,13,15.7,364,2
BMW,X5 M Competition,SUV: Standard,4.4,8,AS8,Z,17.9,13,15.7,364,2
BMW,X5 M50i,SUV: Standard,4.4,8,AS8,Z,14.7,10.9,13,302,4
BMW,X6 xDrive40i,SUV: Standard,3,6,AS8,Z,11.4,9.3,10.4,242,5
BMW,X6 M,SUV: Standard,4.4,8,AS8,Z,17.9,13,15.7,364,2
BMW,X6 M Competition,SUV: Standard,4.4,8,AS8,Z,17.9,13,15.7,364,2
BMW,X6 M50i,SUV: Standard,4.4,8,AS8,Z,14.7,10.9,13,302,4
BMW,X7 xDrive40i,SUV: Standard,3,6,AS8,Z,11.3,9.5,10.5,243,5
BMW,X7 M60i xDrive,SUV: Standard,4.4,8,AS8,Z,14.3,11.1,12.9,299,4
BMW,Z4 sDrive30i,Two-seater,2,4,AS8,Z,9.4,7.1,8.4,194,6
BMW,Z4 M40i,Two-seater,3,6,AS8,Z,10.4,7.5,9.1,210,5
Bugatti,Chiron,Two-seater,8,16,AM7,Z,26.8,16.6,22.2,522,1
Bugatti,Chiron Pur Sport,Two-seater,8,16,AM7,Z,30.3,20.9,26.1,608,1
Bugatti,Chiron Super Sport,Two-seater,8,16,AM7,Z,30.3,20.9,26.1,608,1
Buick,Enclave AWD,SUV: Standard,3.6,6,A9,X,13.6,9.6,11.8,277,4
Buick,Encore GX,SUV: Small,1.2,3,AV,X,8,7.6,7.8,184,6
Buick,Encore GX,SUV: Small,1.3,3,AV,X,8.2,7.4,7.9,185,6
Buick,Encore GX AWD,SUV: Small,1.3,3,A9,X,9,8.3,8.6,202,5
Buick,Envision,SUV: Small,2,4,AS9,X,10.2,7.5,9,211,5
Buick,Envision AWD,SUV: Small,2,4,AS9,X,10.5,8.2,9.5,222,5
Cadillac,CT4,Compact,2,4,AS8,Z,10.2,7,8.8,206,5
Cadillac,CT4,Compact,2.7,4,AS10,Z,11,7.6,9.5,221,5
Cadillac,CT4 AWD,Compact,2,4,AS8,Z,10.5,7.6,9.2,216,5
Cadillac,CT4 AWD,Compact,2.7,4,AS10,Z,11.3,8.1,9.9,231,5
Cadillac,CT4-V,Compact,2.7,4,AS10,Z,11.9,8.2,10.2,239,5
Cadillac,CT4-V AWD,Compact,2.7,4,AS10,Z,12,8.4,10.4,244,5
Cadillac,CT4-V Blackwing,Compact,3.6,6,AS10,Z,15,9.7,12.6,297,4
Cadillac,CT4-V Blackwing,Compact,3.6,6,M6,Z,15.2,10.2,13,303,4
Cadillac,CT5,Mid-size,2,4,AS10,Z,10.3,7.1,8.8,207,5
Cadillac,CT5,Mid-size,3,6,AS10,Z,12.4,8.7,10.7,252,5
Cadillac,CT5 AWD,Mid-size,2,4,AS10,Z,10.9,7.8,9.5,222,5
Cadillac,CT5 AWD,Mid-size,3,6,AS10,Z,13.1,9.1,11.3,265,4
Cadillac,CT5-V,Mid-size,3,6,AS10,Z,13.1,8.8,11.2,263,4
Cadillac,CT5-V AWD,Mid-size,3,6,AS10,Z,13.1,9.1,11.3,265,4
Cadillac,CT5-V Blackwing,Mid-size,6.2,8,AS10,Z,17.9,11,14.8,347,3
Cadillac,CT5-V Blackwing,Mid-size,6.2,8,M6,Z,18.4,11.4,15.2,368,2
Cadillac,Escalade 4WD,SUV: Standard,3,6,A10,D,11.7,9,10.5,281,4
Cadillac,Escalade 4WD,SUV: Standard,6.2,8,A10,Z,16.6,13.1,15,352,3
Cadillac,Escalade-V AWD,SUV: Standard,6.2,8,AS10,Z,21.6,14.9,18.6,436,1
Cadillac,XT4,SUV: Small,2,4,AS9,Z,10.2,7.8,9.1,214,5
Cadillac,XT4 AWD,SUV: Small,2,4,AS9,Z,10.9,8.2,9.7,228,5
Cadillac,XT5,SUV: Small,2,4,AS9,Z,10.9,8.2,9.7,228,5
Cadillac,XT5 AWD,SUV: Small,2,4,AS9,Z,11.2,8.7,10.1,237,5
Cadillac,XT5 AWD,SUV: Small,3.6,6,AS9,X,12.9,9.3,11.3,265,4
Cadillac,XT6 AWD,SUV: Small,2,4,AS9,Z,11.2,9,10.2,239,5
Cadillac,XT6 AWD,SUV: Small,3.6,6,AS9,X,13.1,9.5,11.5,269,4
Chevrolet,Blazer,SUV: Small,2,4,A9,X,10.6,8,9.4,227,5
Chevrolet,Blazer AWD,SUV: Small,2,4,A9,X,10.8,8.7,9.9,232,5
Chevrolet,Blazer AWD,SUV: Small,3.6,6,A9,X,12.6,9.2,11,259,4
Chevrolet,Camaro,Subcompact,2,4,AS8,Z,10.9,7.8,9.5,222,5
Chevrolet,Camaro,Subcompact,2,4,M6,Z,12.6,8.3,10.7,249,5
Chevrolet,Camaro,Subcompact,3.6,6,AS10,X,12.8,8.2,10.7,253,5
Chevrolet,Camaro,Subcompact,3.6,6,M6,X,14.4,9.1,12,281,4
Chevrolet,Camaro SS,Subcompact,6.2,8,AS10,Z,14.6,8.9,12,281,4
Chevrolet,Camaro SS,Subcompact,6.2,8,M6,Z,14.9,9.9,12.6,297,4
Chevrolet,Camaro ZL1,Subcompact,6.2,8,AS10,Z,18.3,11.2,15.1,355,3
Chevrolet,Camaro ZL1,Subcompact,6.2,8,M6,Z,17.2,12,14.9,349,3
Chevrolet,Corvette,Two-seater,6.2,8,AS8,Z,15,9.8,12.7,299,4
Chevrolet,Corvette Z06,Two-seater,5.5,8,AS8,Z,19.4,11.4,15.8,371,2
Chevrolet,Corvette Z06 Carbon Aero,Two-seater,5.5,8,AS8,Z,20,12.7,16.7,392,2
Chevrolet,Equinox,SUV: Small,1.5,4,A6,X,8.9,7.7,8.4,197,6
Chevrolet,Equinox AWD,SUV: Small,1.5,4,A6,X,9.9,7.9,9,211,5
Chevrolet,Malibu,Mid-size,1.5,4,AV,X,8.6,6.8,7.8,181,6
Chevrolet,Silverado,Pickup truck: Standard,2.7,4,A8,X,12.7,11.2,12,281,4
Chevrolet,Silverado,Pickup truck: Standard,3,6,A10,D,10,8.1,9.2,247,5
Chevrolet,Silverado,Pickup truck: Standard,5.3,8,A10,X,14,11.1,12.7,298,4
Chevrolet,Silverado FFV,Pickup truck: Standard,5.3,8,A10,X,14.3,11.7,13.1,308,4
Chevrolet,Silverado FFV,Pickup truck: Standard,5.3,8,A10,E,19.6,15.3,17.7,293,4
Chevrolet,Silverado 4WD,Pickup truck: Standard,2.7,4,A8,X,12.9,11.5,12.2,288,4
Chevrolet,Silverado 4WD Mud Terrain Tire,Pickup truck: Standard,2.7,4,A8,X,13.8,13.2,13.6,318,3
Chevrolet,Silverado 4WD,Pickup truck: Standard,3,6,A10,D,10.7,8.7,9.8,264,4
Chevrolet,Silverado 4WD Mud Terrain Tire,Pickup truck: Standard,3,6,A10,D,11.1,10.2,10.7,288,4
Chevrolet,Silverado 4WD,Pickup truck: Standard,5.3,8,A10,X,14.8,11.8,13.5,325,3
Chevrolet,Silverado 4WD FFV,Pickup truck: Standard,5.3,8,A10,X,15.2,12.2,13.9,326,3
Chevrolet,Silverado 4WD FFV,Pickup truck: Standard,5.3,8,A10,E,21.3,16.6,19.2,318,3
Chevrolet,Silverado 4WD Mud Terrain Tire,Pickup truck: Standard,5.3,8,A10,X,15.8,13.2,14.6,343,3
Chevrolet,Silverado 4WD Mud Terrain Tire FFV,Pickup truck: Standard,5.3,8,A10,X,15.2,12.2,13.9,326,3
Chevrolet,Silverado 4WD Mud Terrain Tire FFV,Pickup truck: Standard,5.3,8,A10,E,21.3,16.6,19.2,318,3
Chevrolet,Silverado 4WD,Pickup truck: Standard,6.2,8,A10,Z,14.9,12,13.6,319,3
Chevrolet,Silverado 4WD Mud Terrain Tire,Pickup truck: Standard,6.2,8,A10,Z,16.7,12.7,14.9,349,3
Chevrolet,Silverado 4WD ZR2,Pickup truck: Standard,6.2,8,A10,Z,16.7,14,15.5,364,2
Chevrolet,Suburban,SUV: Standard,3,6,A10,D,11.2,8.7,10.1,272,4
Chevrolet,Suburban,SUV: Standard,5.3,8,A10,X,15.8,11.8,14,327,3
Chevrolet,Suburban 4WD,SUV: Standard,3,6,A10,D,11.7,9,10.5,281,4
Chevrolet,Suburban 4WD,SUV: Standard,5.3,8,A10,X,16,12.7,14.5,339,3
Chevrolet,Suburban 4WD,SUV: Standard,6.2,8,A10,Z,16.6,13.1,15,352,3
Chevrolet,Tahoe,SUV: Standard,3,6,A10,D,11,8.5,9.9,265,4
Chevrolet,Tahoe,SUV: Standard,5.3,8,A10,X,15.8,11.8,14,327,3
Chevrolet,Tahoe 4WD,SUV: Standard,3,6,A10,D,11.7,9,10.5,281,4
Chevrolet,Tahoe 4WD,SUV: Standard,5.3,8,A10,X,15.8,11.8,14,327,3
Chevrolet,Tahoe 4WD,SUV: Standard,6.2,8,A10,Z,16.6,13.1,15,352,3
Chevrolet,Trailblazer,SUV: Small,1.2,3,AV,X,8,7.6,7.8,184,6
Chevrolet,Trailblazer,SUV: Small,1.3,3,AV,X,8.1,7.2,7.7,180,6
Chevrolet,Trailblazer AWD,SUV: Small,1.3,3,A9,X,8.9,7.8,8.4,197,6
Chevrolet,Traverse AWD,SUV: Standard,3.6,6,A9,X,13.6,9.6,11.8,277,4
Chrysler,300,Full-size,3.6,6,A8,X,12.4,7.8,10.3,242,5
Chrysler,300,Full-size,5.7,8,A8,X,14.7,9.4,12.3,289,4
Chrysler,300 AWD,Full-size,3.6,6,A8,X,12.8,8.7,11,258,4
Chrysler,300C,Full-size,6.4,8,A8,Z,15.9,9.6,13.1,307,4
Chrysler,Grand Caravan,Minivan,3.6,6,A9,X,12.4,8.4,10.6,249,5
Chrysler,Pacifica,Minivan,3.6,6,A9,X,12.4,8.4,10.6,249,5
Chrysler,Pacifica AWD,Minivan,3.6,6,A9,X,14.1,9.4,12,279,4
Dodge,Challenger,Mid-size,3.6,6,A8,X,12.4,7.8,10.3,242,5
Dodge,Challenger (MDS),Mid-size,5.7,8,A8,X,14.7,9.4,12.3,289,4
Dodge,Challenger,Mid-size,5.7,8,M6,Z,15.6,10.1,13.1,307,4
Dodge,Challenger (MDS),Mid-size,6.4,8,A8,Z,15.9,9.6,13.1,307,4
Dodge,Challenger,Mid-size,6.4,8,M6,Z,16.7,10.4,13.9,325,3
Dodge,Challenger AWD,Mid-size,3.6,6,A8,X,12.8,8.7,11,258,4
Dodge,Challenger Widebody (MDS),Mid-size,6.4,8,A8,Z,15.9,9.6,13.1,307,4
Dodge,Challenger Widebody,Mid-size,6.4,8,M6,Z,16.7,10.4,13.9,325,3
Dodge,Challenger SRT Hellcat,Mid-size,6.2,8,A8,Z,17.6,10.7,14.5,339,3
Dodge,Challenger SRT Hellcat,Mid-size,6.2,8,M6,Z,18.1,11.4,15.1,352,3
Dodge,Challenger SRT Hellcat Widebody,Mid-size,6.2,8,A8,Z,18.6,11.4,15.4,359,2
Dodge,Challenger SRT Hellcat Widebody,Mid-size,6.2,8,M6,Z,18.1,11.4,15.1,352,3
Dodge,Charger,Full-size,3.6,6,A8,X,12.4,7.8,10.3,242,5
Dodge,Charger (MDS),Full-size,5.7,8,A8,X,14.7,9.4,12.3,289,4
Dodge,Charger (MDS),Full-size,6.4,8,A8,Z,15.9,9.6,13.1,307,4
Dodge,Charger AWD,Full-size,3.6,6,A8,X,12.8,8.7,11,258,4
Dodge,Charger Widebody (MDS),Full-size,6.4,8,A8,Z,15.9,9.6,13.1,307,4
Dodge,Charger SRT Hellcat Widebody,Full-size,6.2,8,A8,Z,19,11.5,15.6,368,2
Dodge,Durango AWD,SUV: Standard,3.6,6,A8,X,13,9.4,11.3,266,4
Dodge,Durango AWD,SUV: Standard,5.7,8,A8,X,16.7,10.9,14.1,331,3
Dodge,Durango AWD SRT,SUV: Standard,6.4,8,A8,Z,18.3,12.2,15.6,363,2
Dodge,Durango AWD SRT Hellcat,SUV: Standard,6.2,8,A8,Z,20.5,13.8,17.4,410,1
FIAT,500X AWD,SUV: Small,1.3,4,A9,X,10,7.9,9.1,221,5
Ford,Bronco 4WD,SUV: Small,2.3,4,AS10,X,12.1,11.1,11.6,273,4
Ford,Bronco 4WD,SUV: Small,2.3,4,M7,X,11.9,11.2,11.6,272,4
Ford,Bronco 4WD,SUV: Small,2.7,6,AS10,X,12.5,11.5,12,283,4
Ford,Bronco Badlands 4WD,SUV: Small,2.3,4,AS10,X,13.8,13.8,13.8,324,3
Ford,Bronco Badlands 4WD,SUV: Small,2.3,4,M7,X,14.7,13.8,14.3,336,3
Ford,Bronco Badlands 4WD,SUV: Small,2.7,6,AS10,X,14.1,14.1,14.1,331,3
Ford,Bronco Black Diamond 4WD,SUV: Small,2.3,4,AS10,X,13.1,13.1,13.1,308,4
Ford,Bronco Black Diamond 4WD,SUV: Small,2.3,4,M7,X,14.7,13.1,14,329,3
Ford,Bronco Black Diamond 4WD,SUV: Small,2.7,6,AS10,X,13.1,13.1,13.1,308,4
Ford,Bronco Raptor 4WD,SUV: Standard,3,6,AS10,X,15.7,14.8,15.3,358,2
Ford,Bronco Sasquatch 4WD,SUV: Small,2.3,4,AS10,X,13.1,13.8,13.4,314,4
Ford,Bronco Sasquatch 4WD,SUV: Small,2.3,4,M7,X,14.7,13.1,14,329,3
Ford,Bronco Sasquatch 4WD,SUV: Small,2.7,6,AS10,X,14.1,14.1,14.1,331,3
Ford,Bronco Sport 4WD,SUV: Small,1.5,3,A8,X,9.3,8.4,8.9,209,5
Ford,Bronco Sport 4WD,SUV: Small,2,4,AS8,X,11.1,9,10.2,240,5
Ford,Edge AWD,SUV: Small,2,4,A8,X,11.6,8.5,10.2,239,5
Ford,Edge AWD,SUV: Small,2,4,AS8,X,11.5,8.4,10.1,238,5
Ford,Edge AWD,SUV: Small,2.7,6,AS8,X,12.7,9.3,11.2,262,4
Ford,Escape,SUV: Small,1.5,3,A8,X,8.9,6.9,8,188,6
Ford,Escape AWD,SUV: Small,1.5,3,A8,X,9.2,7.4,8.4,197,6
Ford,Escape AWD,SUV: Small,2,4,A8,X,10.2,7.6,9.1,211,5
Ford,Escape Hybrid,SUV: Small,2.5,4,AV,X,5.6,6.5,6,140,7
Ford,Escape Hybrid AWD,SUV: Small,2.5,4,AV,X,5.6,6.5,6,140,7
Ford,Expedition 4X4,SUV: Standard,3.5,6,AS10,X,14.7,10.6,12.9,302,4
Ford,Expedition 4X4 (Without Stop-Start),SUV: Standard,3.5,6,AS10,X,15.4,11.2,13.5,318,3
Ford,Expedition Timberline 4X4,SUV: Standard,3.5,6,AS10,X,14.5,12.3,13.5,318,3
Ford,Expedition Timberline 4X4 (Without Stop-Start),SUV: Standard,3.5,6,AS10,X,15.2,12.3,13.9,327,3
Ford,Explorer AWD,SUV: Standard,2.3,4,A10,X,11.6,8.7,10.3,241,5
Ford,Explorer AWD (Without Stop-Start),SUV: Standard,2.3,4,A10,X,12,9,10.7,251,5
Ford,Explorer AWD,SUV: Standard,3,6,A10,X,13.4,9.8,11.8,277,4
Ford,Explorer AWD,SUV: Standard,3,6,AS10,X,13.4,9.8,11.8,277,4
Ford,Explorer Timberline AWD,SUV: Standard,2.3,4,AS10,X,12.2,10.5,11.5,269,4
Ford,Explorer Timberline AWD (Without Stop-Start),SUV: Standard,2.3,4,AS10,X,12.5,11,11.8,277,4
Ford,Explorer Hybrid AWD,SUV: Standard,3.3,6,A10,X,10.1,9,9.6,225,5
Ford,F-150,Pickup truck: Standard,2.7,6,AS10,X,12,9.2,10.7,252,5
Ford,F-150 (Without Stop-Start),Pickup truck: Standard,2.7,6,AS10,X,13,9.6,11.5,269,4
Ford,F-150 FFV,Pickup truck: Standard,3.3,6,AS10,X,12.2,9.8,11.1,261,4
Ford,F-150 FFV,Pickup truck: Standard,3.3,6,AS10,E,16.8,12.8,15,244,5
Ford,F-150 FFV (Without Stop-Start),Pickup truck: Standard,3.3,6,AS10,X,12.5,10.2,11.5,268,4
Ford,F-150 FFV (Without Stop-Start),Pickup truck: Standard,3.3,6,AS10,E,17.5,12.4,15.2,253,5
Ford,F-150,Pickup truck: Standard,3.5,6,AS10,X,13.4,10.2,12,281,4
Ford,F-150 FFV,Pickup truck: Standard,5,8,AS10,X,14.1,10.2,12.4,291,4
Ford,F-150 FFV,Pickup truck: Standard,5,8,AS10,E,19.4,13.2,16.6,270,4
Ford,F-150 FFV (Without Stop-Start),Pickup truck: Standard,5,8,AS10,X,14.6,10.4,12.7,300,4
Ford,F-150 FFV (Without Stop-Start),Pickup truck: Standard,5,8,AS10,E,19.9,13.8,17.2,279,4
Ford,F-150 4X4,Pickup truck: Standard,2.7,6,AS10,X,12.8,10,11.5,271,4
Ford,F-150 4X4 (Without Stop-Start),Pickup truck: Standard,2.7,6,AS10,X,13.5,10.2,12,280,4
Ford,F-150 4X4 FFV,Pickup truck: Standard,3.3,6,AS10,X,12.6,10.7,11.8,277,4
Ford,F-150 4X4 FFV,Pickup truck: Standard,3.3,6,AS10,E,17.1,13.1,15.3,247,5
Ford,F-150 4X4,Pickup truck: Standard,3.5,6,AS10,X,13.6,10.3,12.1,284,4
Ford,F-150 4X4 (Without Stop-Start),Pickup truck: Standard,3.5,6,AS10,X,14.6,11,13,308,4
Ford,F-150 4X4 FFV,Pickup truck: Standard,5,8,AS10,X,14.2,10.9,12.7,298,4
Ford,F-150 4X4 FFV,Pickup truck: Standard,5,8,AS10,E,19.7,13.8,17.1,278,4
Ford,F-150 4X4 FFV (Without Stop-Start),Pickup truck: Standard,5,8,AS10,X,15,10.9,13.2,309,4
Ford,F-150 4X4 FFV (Without Stop-Start),Pickup truck: Standard,5,8,AS10,E,20.4,14.1,17.6,286,4
Ford,F-150 Raptor 4X4,Pickup truck: Standard,3.5,6,AS10,X,15.8,13.2,14.6,344,3
Ford,F-150 Raptor 4X4 (Without Stop-Start),Pickup truck: Standard,3.5,6,AS10,X,16.8,13.2,15.2,357,2
Ford,F-150 Raptor 37 4X4,Pickup truck: Standard,3.5,6,AS10,X,16,14.4,15.3,359,2
Ford,F-150 Raptor 37 4X4 (Without Stop-Start),Pickup truck: Standard,3.5,6,AS10,X,16.6,14.8,15.8,370,2
Ford,F-150 Raptor R 4X4,Pickup truck: Standard,5.2,8,AS10,X,22.8,15.9,19.7,460,1
Ford,F-150 Tremor 4X4,Pickup truck: Standard,3.5,6,AS10,X,14.3,11.8,13.1,309,4
Ford,F-150 Tremor 4X4 (Without Stop-Start),Pickup truck: Standard,3.5,6,AS10,X,14.6,11.6,13.3,311,4
Ford,F-150 Tremor 4X4 FFV,Pickup truck: Standard,5,8,AS10,X,15.2,11.9,13.7,321,3
Ford,F-150 Tremor 4X4 FFV,Pickup truck: Standard,5,8,AS10,E,20.3,15.2,18,295,4
Ford,F-150 Tremor 4X4 FFV (Without Stop-Start),Pickup truck: Standard,5,8,AS10,X,15.4,11.8,13.8,322,3
Ford,F-150 Tremor 4X4 FFV (Without Stop-Start),Pickup truck: Standard,5,8,AS10,E,20.7,15,18.1,298,4
Ford,F-150 Hybrid,Pickup truck: Standard,3.5,6,AS10,X,10.1,10.1,10.1,236,5
Ford,F-150 Hybrid 4X4,Pickup truck: Standard,3.5,6,AS10,X,10.5,10.4,10.4,245,5
Ford,Maverick AWD,Pickup truck: Small,2,4,A8,X,10.9,8.4,9.8,230,5
Ford,Maverick Tremor AWD,Pickup truck: Small,2,4,A8,X,11.9,9.9,11,257,4
Ford,Maverick Hybrid,Pickup truck: Small,2.5,4,AV,X,5.8,7.1,6.4,149,7
Ford,Mustang,Subcompact,2.3,4,A10,X,11,7.4,9.3,220,5
Ford,Mustang,Subcompact,2.3,4,AS10,X,11.6,8.1,10,235,5
Ford,Mustang (High Performance),Subcompact,2.3,4,AS10,X,11.7,8.6,10.3,242,5
Ford,Mustang,Subcompact,2.3,4,M6,X,11.6,8.3,10.1,238,5
Ford,Mustang (High Performance),Subcompact,2.3,4,M6,X,11.9,8.7,10.5,246,5
Ford,Mustang,Subcompact,5,8,AS10,X,15.2,9.7,12.7,299,4
Ford,Mustang,Subcompact,5,8,M6,X,16.2,10.2,13.5,317,3
Ford,Mustang Convertible,Subcompact,2.3,4,A10,X,11.8,8.3,10.2,240,5
Ford,Mustang Convertible,Subcompact,2.3,4,AS10,X,12,8.5,10.4,244,5
Ford,Mustang Convertible (High Performance),Subcompact,2.3,4,AS10,X,12.1,8.9,10.7,252,5
Ford,Mustang Convertible,Subcompact,2.3,4,M6,X,11.8,8.6,10.4,244,5
Ford,Mustang Convertible (High Performance),Subcompact,2.3,4,M6,X,12.3,9.2,10.9,256,5
Ford,Mustang Convertible,Subcompact,5,8,AS10,X,15.8,10.4,13.4,313,4
Ford,Mustang Mach 1,Subcompact,5,8,AS10,X,15.2,10.1,12.9,303,4
Ford,Mustang Mach 1,Subcompact,5,8,M6,X,17.3,11.3,14.6,343,3
Ford,Ranger 4WD,Pickup truck: Standard,2.3,4,AS10,X,11.8,9.6,10.8,255,5
Ford,Ranger 4WD (Without Stop-Start),Pickup truck: Standard,2.3,4,AS10,X,12.3,9.7,11.1,261,4
Ford,Ranger Tremor 4WD,Pickup truck: Standard,2.3,4,AS10,X,12.4,12.3,12.4,293,4
Ford,Transit Connect Van,Special purpose vehicle,2,4,AS8,X,9.8,8.9,9.4,221,5
Ford,Transit Connect Wagon LWB,Special purpose vehicle,2,4,AS8,X,10,8.3,9.2,216,5
Genesis,G70 AWD,Compact,2,4,AS8,Z,11.4,8.2,10,236,5
Genesis,G70 AWD,Compact,3.3,6,AS8,Z,13.5,9.1,11.5,273,4
Genesis,G80 AWD,Full-size,2.5,4,AS8,Z,10.8,7.9,9.5,225,5
Genesis,G80 AWD,Full-size,3.5,6,AS8,Z,14.8,9.9,12.6,298,4
Genesis,G90,Full-size,3.5,6,AM8,Z,13.6,9.6,11.8,274,4
Genesis,GV70 AWD,SUV: Small,2.5,4,AS8,Z,10.7,8.4,9.7,229,5
Genesis,GV70 AWD,SUV: Small,3.5,6,AS8,Z,12.9,10,11.6,275,4
Genesis,GV80 AWD,SUV: Standard,2.5,4,AS8,Z,11.3,9.5,10.5,248,5
Genesis,GV80 AWD,SUV: Standard,3.5,6,AS8,Z,12.9,10.4,11.8,279,4
GMC,Acadia AWD,SUV: Standard,2,4,A9,X,10.8,8.7,9.9,232,5
GMC,Acadia AWD,SUV: Standard,3.6,6,A9,X,12.6,9.2,11,259,4
GMC,Sierra,Pickup truck: Standard,2.7,4,A8,X,12.7,11.2,12,281,4
GMC,Sierra,Pickup truck: Standard,3,6,A10,D,10,8.1,9.2,247,5
GMC,Sierra,Pickup truck: Standard,5.3,8,A10,X,14.3,11.2,12.9,303,4
GMC,Sierra FFV,Pickup truck: Standard,5.3,8,A10,X,14.3,11.7,13.1,308,4
GMC,Sierra FFV,Pickup truck: Standard,5.3,8,A10,E,19.6,15.3,17.7,293,4
GMC,Sierra 4WD,Pickup truck: Standard,2.7,4,A8,X,13.1,11.6,12.4,291,4
GMC,Sierra 4WD Mud Terrain Tire,Pickup truck: Standard,2.7,4,A8,X,13.8,13.2,13.6,318,3
GMC,Sierra 4WD,Pickup truck: Standard,3,6,A10,D,10.7,8.7,9.8,264,4
GMC,Sierra 4WD Mud Terrain Tire,Pickup truck: Standard,3,6,A10,D,11.1,10.2,10.7,288,4
GMC,Sierra 4WD,Pickup truck: Standard,5.3,8,A10,X,14.8,11.8,13.5,325,3
GMC,Sierra 4WD FFV,Pickup truck: Standard,5.3,8,A10,X,15.2,12.2,13.9,326,3
GMC,Sierra 4WD FFV,Pickup truck: Standard,5.3,8,A10,E,21.3,16.6,19.2,318,3
GMC,Sierra 4WD Mud Terrain Tire,Pickup truck: Standard,5.3,8,A10,X,16,13.2,14.8,346,3
GMC,Sierra 4WD Mud Terrain Tire FFV,Pickup truck: Standard,5.3,8,A10,X,15.2,12.2,13.9,326,3
GMC,Sierra 4WD Mud Terrain Tire FFV,Pickup truck: Standard,5.3,8,A10,E,21.3,16.6,19.2,318,3
GMC,Sierra 4WD,Pickup truck: Standard,6.2,8,A10,Z,15.4,12.3,14,330,3
GMC,Sierra 4WD Mud Terrain Tire,Pickup truck: Standard,6.2,8,A10,Z,16.7,14,15.5,364,2
GMC,Sierra 4WD AT4X,Pickup truck: Standard,6.2,8,A10,Z,16.7,14,15.5,364,2
GMC,Terrain,SUV: Small,1.5,4,A9,X,9.7,8.1,9,211,5
GMC,Terrain AWD,SUV: Small,1.5,4,A9,X,9.9,8.3,9.2,216,5
GMC,Yukon,SUV: Standard,3,6,A10,D,11.2,8.7,10.1,272,4
GMC,Yukon,SUV: Standard,5.3,8,A10,X,15.8,11.8,14,327,3
GMC,Yukon 4WD,SUV: Standard,3,6,A10,D,11.7,9,10.5,281,4
GMC,Yukon 4WD,SUV: Standard,5.3,8,A10,X,15.8,11.8,14,327,3
GMC,Yukon 4WD,SUV: Standard,6.2,8,A10,Z,16.6,13.1,15,352,3
GMC,Yukon XL,SUV: Standard,3,6,A10,D,11.2,8.7,10.1,272,4
GMC,Yukon XL,SUV: Standard,5.3,8,A10,X,15.8,11.8,14,327,3
GMC,Yukon XL 4WD,SUV: Standard,3,6,A10,D,11.7,9,10.5,281,4
GMC,Yukon XL 4WD,SUV: Standard,5.3,8,A10,X,16,12.7,14.5,339,3
GMC,Yukon XL 4WD,SUV: Standard,6.2,8,A10,Z,16.6,13.1,15,352,3
Hyundai,Elantra,Mid-size,1.6,4,AM7,X,8.4,6.6,7.6,179,6
Hyundai,Elantra,Mid-size,2,4,AV1,X,7.6,5.7,6.7,158,7
Hyundai,Elantra (ISG),Mid-size,2,4,AV1,X,7.1,5.5,6.4,151,7
Hyundai,Elantra N,Mid-size,2,4,AM8,Z,12.1,7.9,10.2,241,5
Hyundai,Elantra N,Mid-size,2,4,M6,Z,10.9,7.7,9.4,223,5
Hyundai,Elantra Hybrid,Mid-size,1.6,4,AM6,X,4.8,4.5,4.7,110,8
Hyundai,Kona,SUV: Small,2,4,AV,X,8,6.6,7.4,174,6
Hyundai,Kona N,SUV: Small,2,4,AM8,Z,11.8,8.7,10.4,246,5
Hyundai,Kona AWD,SUV: Small,1.6,4,AM7,X,8.8,7.4,8.2,193,6
Hyundai,Kona AWD,SUV: Small,2,4,AV,X,8.5,7.2,7.9,187,6
Hyundai,Palisade AWD,SUV: Small,3.8,6,AS8,X,12.6,9.5,11.2,263,4
Hyundai,Santa Cruz AWD,Pickup truck: Small,2.5,4,AM8,X,12.1,8.7,10.6,250,5
Hyundai,Santa Fe AWD,SUV: Small,2.5,4,AM8,X,11,8.5,9.9,233,5
Hyundai,Santa Fe AWD,SUV: Small,2.5,4,AS8,X,10.6,9.3,10,235,5
Hyundai,Santa Fe Hybrid,SUV: Small,1.6,4,AM6,X,7.1,7.9,7.4,176,6
Hyundai,Sonata,Full-size,1.6,4,AS8,X,9,6.5,7.9,186,6
Hyundai,Sonata,Full-size,2.5,4,AM8,X,10.1,7.2,8.8,208,5
Hyundai,Sonata,Full-size,2.5,4,AS8,X,8.8,6.4,7.7,182,6
Hyundai,Sonata Hybrid,Full-size,2,4,AM6,X,5.3,4.6,5,117,8
Hyundai,Tucson,SUV: Small,2.5,4,AS8,X,9.4,7.4,8.5,200,6
Hyundai,Tucson AWD,SUV: Small,2.5,4,AS8,X,10.1,8.3,9.3,218,5
Hyundai,Tucson Hybrid,SUV: Small,1.6,4,AM6,X,6.3,6.6,6.4,152,7
Hyundai,Venue,Mid-size,1.6,4,AV1,X,7.9,6.9,7.5,177,6
Infiniti,Q50 AWD,Mid-size,3,6,AS7,Z,12.5,8.7,10.8,254,5
Infiniti,Q50 AWD Red Sport,Mid-size,3,6,AS7,Z,12.5,9.3,11.1,261,4
Infiniti,QX50 AWD,SUV: Small,2,4,AV8,Z,10.8,8.3,9.7,228,5
Infiniti,QX55 AWD,SUV: Small,2,4,AV8,Z,10.4,8.3,9.4,222,5
Infiniti,QX60 AWD,SUV: Standard,3.5,6,AS9,Z,11.9,9.3,10.7,251,5
Infiniti,QX80 4WD,SUV: Standard,5.6,8,AS7,Z,17.5,12.2,15.1,355,3
Jaguar,E-PACE P250,SUV: Small,2,4,AS9,Z,11.5,9.2,10.4,247,5
Jaguar,F-PACE P250,SUV: Small,2,4,AS8,Z,10.7,8.8,9.9,227,5
Jaguar,F-PACE P400,SUV: Small,3,6,AS8,Z,12.1,9.1,10.8,253,5
Jaguar,F-PACE P550 SVR,SUV: Small,5,8,AS8,Z,15.4,11,13.4,316,3
Jaguar,F-TYPE P450 Convertible,Two-seater,5,8,AS8,Z,14.1,9.7,12.1,286,4
Jaguar,F-TYPE P450 Convertible AWD,Two-seater,5,8,AS8,Z,15.2,9.8,12.7,299,4
Jaguar,F-TYPE P450 Coupe,Two-seater,5,8,AS8,Z,14.1,9.7,12.1,286,4
Jaguar,F-TYPE P450 Coupe AWD,Two-seater,5,8,AS8,Z,15.2,9.8,12.7,299,4
Jaguar,F-TYPE R Convertible AWD,Two-seater,5,8,AS8,Z,15.2,9.8,12.7,299,4
Jaguar,F-TYPE R Coupe AWD,Two-seater,5,8,AS8,Z,15.2,9.8,12.7,299,4
Jaguar,XF P250,Mid-size,2,4,AS8,Z,9.4,7.1,8.4,197,6
Jaguar,XF P300 AWD,Mid-size,2,4,AS8,Z,10.6,7.7,9.3,219,5
Jeep,Cherokee 4X4 Active Drive I,SUV: Small,2.4,4,A9,X,11.2,8,9.8,230,5
Jeep,Cherokee 4X4 Trailhawk Active Drive Lock,SUV: Small,2,4,A9,X,11.8,9.2,10.6,249,5
Jeep,Gladiator 4X4 EcoDiesel,Pickup truck: Standard,3,6,A8,D,10.8,8.5,9.8,263,4
Jeep,Gladiator 4X4 Rubicon EcoDiesel,Pickup truck: Standard,3,6,A8,D,11,8.7,10,271,4
Jeep,Gladiator 4X4,Pickup truck: Standard,3.6,6,A8,X,13.7,10.7,12.3,290,4
Jeep,Gladiator 4X4,Pickup truck: Standard,3.6,6,M6,X,14.3,10.4,12.6,296,4
Jeep,Grand Cherokee 4X4,SUV: Standard,3.6,6,A8,X,12.3,9.2,10.9,256,5
Jeep,Grand Cherokee 4X4,SUV: Standard,5.7,8,A8,X,16.7,10.9,14.1,331,3
Jeep,Grand Cherokee L 4X4,SUV: Standard,3.6,6,A8,X,13,9.4,11.3,266,4
Jeep,Grand Cherokee L 4X4,SUV: Standard,5.7,8,A8,X,16.7,10.9,14.1,331,3
Jeep,Grand Wagoneer 4X4 (High Output),SUV: Standard,3,6,A8,Z,16.3,11.8,14.3,334,3
Jeep,Grand Wagoneer 4X4,SUV: Standard,6.4,8,A8,Z,18.6,12.8,16,374,2
Jeep,Grand Wagoneer L 4X4 (High Output),SUV: Standard,3,6,A8,Z,17,12.5,15,352,3
Jeep,Renegade 4X4,SUV: Small,1.3,4,A9,X,10.1,8.1,9.2,222,5
Jeep,Renegade 4X4 Trailhawk,SUV: Small,1.3,4,A9,X,10.8,8.7,9.9,231,5
Jeep,Wagoneer 4X4,SUV: Standard,5.7,8,A8,X,15.6,11.7,13.8,324,3
Jeep,Wrangler JL 4X4,SUV: Small,2,4,A8,X,10.7,9.8,10.3,241,5
Jeep,Wrangler JL 4X4,SUV: Small,3.6,6,A8,X,12.8,10.4,11.8,274,4
Jeep,Wrangler JL 4X4 eTorque,SUV: Small,3.6,6,A8,X,12,9.8,11,258,4
Jeep,Wrangler JL 4X4,SUV: Small,3.6,6,M6,X,13.7,9.6,11.8,277,4
Jeep,Wrangler JL Unlimited 4X4,SUV: Small,2,4,A8,X,11.5,9.9,10.8,251,5
Jeep,Wrangler JL Unlimited 4X4 EcoDiesel,SUV: Small,3,6,A8,D,10.6,8.1,9.5,255,5
Jeep,Wrangler JL Unlimited 4X4 Rubicon EcoDiesel,SUV: Small,3,6,A8,D,11.2,9,10.2,275,4
Jeep,Wrangler JL Unlimited 4X4,SUV: Small,3.6,6,A8,X,12.9,10.2,11.7,275,4
Jeep,Wrangler JL Unlimited 4X4 eTorque,SUV: Small,3.6,6,A8,X,12.3,9.9,11.2,262,4
Jeep,Wrangler JL Unlimited 4X4,SUV: Small,3.6,6,M6,X,13.8,10.1,12.2,285,4
Jeep,Wrangler JL Unlimited 4X4 392,SUV: Small,6.4,8,A8,Z,18.5,14.1,16.5,387,2
Kia,Carnival,Minivan,3.5,6,AS8,X,12.1,8.9,10.6,252,5
Kia,Forte,Mid-size,1.6,4,AM7,X,8.7,6.6,7.8,184,6
Kia,Forte,Mid-size,2,4,AV,X,8.2,6,7.2,170,6
Kia,Forte 5,Full-size,1.6,4,AM7,X,8.9,6.9,8,190,6
Kia,Forte 5,Full-size,2,4,AV,X,8.6,6.5,7.7,182,6
Kia,K5,Full-size,2.5,4,AM8,X,9.9,7.3,8.7,207,5
Kia,K5 AWD,Full-size,1.6,4,AS8,X,9.3,7,8.3,196,6
Kia,Niro,Station wagon: Small,1.6,4,AM6,X,4.5,5.2,4.8,112,8
Kia,Niro FE,Station wagon: Small,1.6,4,AM6,X,4.5,4.4,4.4,104,9
Kia,Rio,Compact,1.6,4,AV1,X,7.2,6.1,6.7,160,7
Kia,Rio,Compact,1.6,4,M6,X,7.7,6.1,7,166,6
Kia,Seltos,SUV: Small,2,4,AV8,X,8.2,7.1,7.7,182,6
Kia,Seltos AWD,SUV: Small,1.6,4,AM7,X,9.4,7.9,8.7,205,5
Kia,Seltos AWD,SUV: Small,2,4,AV8,X,8.8,7.6,8.2,195,6
Kia,Sorento AWD,SUV: Small,2.5,4,AM8,X,10.9,8.7,9.9,234,5
Kia,Sorento AWD,SUV: Small,2.5,4,AS8,X,10.1,9.2,9.7,227,5
Kia,Sorento Hybrid AWD,SUV: Small,1.6,4,AM6,X,6.4,7,6.6,157,7
Kia,Soul,Station wagon: Small,2,4,AV,X,8.5,7,7.9,187,6
Kia,Sportage,SUV: Small,2.5,4,AS8,X,9.3,7.4,8.4,198,6
Kia,Sportage AWD,SUV: Small,2.5,4,AS8,X,10.4,8.5,9.5,224,5
Kia,Sportage Hybrid AWD,SUV: Small,1.6,4,AM6,X,6.1,6.3,6.2,145,7
Kia,Stinger AWD,Mid-size,3.3,6,AS8,Z,13.7,9.6,11.9,280,4
Kia,Telluride AWD,SUV: Small,3.8,6,AS8,X,12.8,9.8,11.4,269,4
Lamborghini,Huracán EVO Coupe,Two-seater,5.2,10,AM7,Z,18,13.1,15.8,368,2
Lamborghini,Huracán EVO Coupe AWD,Two-seater,5.2,10,AM7,Z,18.1,13.2,15.9,370,2
Lamborghini,Huracán EVO Spyder,Two-seater,5.2,10,AM7,Z,18,13.1,15.8,368,2
Lamborghini,Huracán EVO Spyder AWD,Two-seater,5.2,10,AM7,Z,18.1,13.2,15.9,370,2
Lamborghini,Urus Performante,SUV: Standard,4,8,AS8,Z,16.6,12.5,14.8,345,3
Lamborghini,Urus S,SUV: Standard,4,8,AS8,Z,16.6,12.5,14.8,345,3
Land Rover,Defender 90 P300,SUV: Standard,2,4,AS8,Z,13.2,11.3,12.3,289,4
Land Rover,Defender 90 P400,SUV: Standard,3,6,AS8,Z,12.9,10.4,11.8,276,4
Land Rover,Defender 90 5.0L V8,SUV: Standard,5,8,AS8,Z,15.8,12.4,14.3,339,3
Land Rover,Defender 110 P300,SUV: Standard,2,4,AS8,Z,14.2,11.7,13,306,4
Land Rover,Defender 110 P400,SUV: Standard,3,6,AS8,Z,12.9,10.4,11.8,276,4
Land Rover,Defender 110 5.0L V8,SUV: Standard,5,8,AS8,Z,16.4,12.7,14.7,350,3
Land Rover,Discovery P300,SUV: Standard,2,4,AS8,Z,12.2,10.6,11.5,271,4
Land Rover,Discovery P360,SUV: Standard,3,6,AS8,Z,12.1,9.3,10.9,258,4
Land Rover,Discovery Sport P250,SUV: Small,2,4,AS9,Z,12.7,10,11.5,271,4
Land Rover,Range Rover P400,SUV: Standard,3,6,AS8,Z,13.1,9.1,11.3,265,4
Land Rover,Range Rover P400 LWB,SUV: Standard,3,6,AS8,Z,13.1,9.1,11.3,265,4
Land Rover,Range Rover P530,SUV: Standard,4.4,8,AS8,Z,15.1,11.1,13.3,316,4
Land Rover,Range Rover P530 LWB,SUV: Standard,4.4,8,AS8,Z,15.2,11,13.3,314,4
Land Rover,Range Rover Sport P360,SUV: Standard,3,6,AS8,Z,12.3,9,10.8,254,5
Land Rover,Range Rover Sport HST P400,SUV: Standard,3,6,AS8,Z,13.1,9.1,11.3,265,4
Land Rover,Range Rover Sport P530,SUV: Standard,4.4,8,AS8,Z,15.1,11.1,13.3,316,4
Land Rover,Range Rover Evoque P250,SUV: Small,2,4,AS9,Z,11.9,8.8,10.5,247,5
Land Rover,Range Rover Evoque P300,SUV: Small,2,4,AS9,Z,11.3,9.1,10.3,244,5
Land Rover,Range Rover Velar P250,SUV: Small,2,4,AS8,Z,11.5,9,10.4,244,5
Land Rover,Range Rover Velar P340,SUV: Small,3,6,AS8,Z,11.8,9,10.5,248,5
Land Rover,Range Rover Velar P400,SUV: Small,3,6,AS8,Z,12.6,9.5,11.2,265,4
Lexus,ES 250 AWD,Mid-size,2.5,4,AS8,X,9.5,7,8.4,195,6
Lexus,ES 300h,Mid-size,2.5,4,AV6,X,5.5,5.2,5.3,124,8
Lexus,ES 350,Mid-size,3.5,6,AS8,X,10.7,7.3,9.2,214,5
Lexus,ES 350 F SPORT,Mid-size,3.5,6,AS8,X,10.9,7.5,9.4,219,5
Lexus,GX 460,SUV: Standard,4.6,8,AS6,Z,16.2,12.3,14.5,337,3
Lexus,IS 300,Compact,2,4,AS8,Z,11,7.6,9.5,221,5
Lexus,IS 300 AWD,Compact,3.5,6,AS6,Z,12.2,9,10.8,253,5
Lexus,IS 350 AWD,Compact,3.5,6,AS6,Z,12.2,9,10.8,253,5
Lexus,IS 500,Compact,5,8,AS8,Z,14.1,9.3,11.9,280,4
Lexus,LC 500,Subcompact,5,8,AS10,Z,15.1,9.6,12.6,294,4
Lexus,LC 500 Convertible,Minicompact,5,8,AS10,Z,16,9.5,13,304,4
Lexus,LC 500h,Subcompact,3.5,6,AV10,Z,9,7.1,8.1,189,6
Lexus,LX 600,SUV: Standard,3.4,6,AS10,Z,14.2,10.8,12.7,298,4
Lexus,NX 250 AWD,SUV: Small,2.5,4,AS8,X,9.4,7.4,8.4,198,6
Lexus,NX 350 AWD,SUV: Small,2.4,4,AS8,Z,10.5,8.3,9.5,221,5
Lexus,NX 350 AWD F SPORT,SUV: Small,2.4,4,AS8,Z,10.5,8.4,9.5,222,5
Lexus,NX 350h AWD,SUV: Small,2.5,4,AV6,Z,5.7,6.4,6,139,7
Lexus,RC 300 AWD,Subcompact,3.5,6,AS6,Z,12.2,9,10.8,253,5
Lexus,RC 350 AWD,Subcompact,3.5,6,AS6,Z,12.2,9,10.8,253,5
Lexus,RC F,Subcompact,5,8,AS8,Z,14.4,9.6,12.2,285,4
Lexus,RX 350 AWD,SUV: Small,2.4,4,AS8,Z,11.2,8.4,9.9,231,5
Lexus,RX 350h AWD,SUV: Small,2.5,4,AV6,Z,6.3,6.8,6.5,151,7
Lexus,RX 500h AWD,SUV: Small,2.4,4,AS6,Z,8.7,8.4,8.6,199,6
Lexus,UX 250h AWD,Compact,2,4,AV6,X,5.7,6.2,6,140,7
Lincoln,Aviator AWD,SUV: Standard,3,6,AS10,X,13.7,9.7,11.9,280,4
Lincoln,Corsair AWD,SUV: Small,2,4,AS8,X,11.2,8.3,9.9,232,5
Lincoln,Nautilus AWD,SUV: Small,2,4,A8,X,11.6,9.4,10.6,249,5
Lincoln,Nautilus AWD,SUV: Small,2,4,AS8,X,11.5,9.4,10.6,249,5
Lincoln,Nautilus AWD,SUV: Small,2.7,6,AS8,X,12.7,9.3,11.2,262,4
Lincoln,Navigator 4X4,SUV: Standard,3.5,6,AS10,X,15.2,10.8,13.2,310,4
Lincoln,Navigator 4X4 (Without Stop-Start),SUV: Standard,3.5,6,AS10,X,15.7,11.1,13.6,320,3
Maserati,Ghibli GT,Mid-size,3,6,A8,Z,13.4,9.4,11.6,271,4
Maserati,Ghibli Modena,Mid-size,3,6,A8,Z,13.4,9.4,11.6,271,4
Maserati,Ghibli Modena AWD,Mid-size,3,6,A8,Z,14.1,9.5,12,284,4
Maserati,Ghibli Trofeo,Mid-size,3.8,8,A8,Z,17.4,11.9,14.9,348,3
Maserati,Grecale GT,SUV: Small,2,4,A8,Z,10.6,8,9.4,218,5
Maserati,Grecale Modena,SUV: Small,2,4,A8,Z,10.6,8,9.4,218,5
Maserati,Grecale Trofeo,SUV: Small,3,6,A8,Z,13.3,9.5,11.6,268,4
Maserati,Levante GT,SUV: Standard,3,6,A8,Z,15.1,10.9,13.2,308,4
Maserati,Levante Modena,SUV: Standard,3,6,A8,Z,15.1,10.9,13.2,308,4
Maserati,Levante Modena V8,SUV: Standard,3.8,8,A8,Z,17.4,12,15,349,3
Maserati,Levante Trofeo,SUV: Standard,3.8,8,A8,Z,17.4,12,15,349,3
Maserati,MC20,Two-seater,3,6,AS8,Z,15.4,9.5,12.8,295,4
Maserati,MC20 Spyder,Two-seater,3,6,AS8,Z,15.6,9.4,12.8,299,4
Maserati,Quattroporte GT,Full-size,3,6,A8,Z,14.4,9.3,12.1,281,4
Maserati,Quattroporte Modena,Full-size,3,6,A8,Z,14.4,9.3,12.1,281,4
Maserati,Quattroporte Modena AWD,Full-size,3,6,A8,Z,14.1,9.5,12,284,4
Maserati,Quattroporte Trofeo,Full-size,3.8,8,A8,Z,17.4,11.9,14.9,348,3
Mazda,CX-30 4WD,SUV: Small,2,4,AS6,X,9.4,7.7,8.6,202,5
Mazda,CX-30 4WD,SUV: Small,2.5,4,AS6,X,9,7.1,8.2,192,6
Mazda,CX-30 Turbo 4WD,SUV: Small,2.5,4,AS6,X,10.5,7.9,9.3,220,5
Mazda,CX-5 4WD,SUV: Small,2.5,4,AS6,X,9.8,7.9,9,209,5
Mazda,CX-5 Turbo 4WD,SUV: Small,2.5,4,AS6,X,10.8,8.7,9.8,230,5
Mazda,CX-50 4WD,SUV: Small,2.5,4,AS6,X,9.7,7.9,8.9,209,5
Mazda,CX-50 Turbo 4WD,SUV: Small,2.5,4,AS6,X,10.4,8.1,9.4,220,5
Mazda,CX-9 4WD,SUV: Small,2.5,4,AS6,X,11.6,9.1,10.5,245,5
Mazda,Mazda3 4-Door,Compact,2,4,AS6,X,8.4,6.6,7.6,178,6
Mazda,Mazda3 4-Door (SIL),Compact,2,4,M6,X,8.7,6.4,7.7,180,6
Mazda,Mazda3 4-Door,Compact,2.5,4,AS6,X,8.6,6.4,7.6,179,6
Mazda,Mazda3 4-Door 4WD,Compact,2.5,4,AS6,X,8.8,6.6,7.9,185,6
Mazda,Mazda3 4-Door Turbo 4WD,Compact,2.5,4,AS6,X,10.1,7.3,8.8,207,5
Mazda,Mazda3 5-Door,Mid-size,2,4,AS6,X,8.6,6.7,7.7,181,6
Mazda,Mazda3 5-Door (SIL),Mid-size,2,4,M6,X,8.7,6.6,7.8,181,6
Mazda,Mazda3 5-Door,Mid-size,2.5,4,AS6,X,8.7,6.7,7.8,183,6
Mazda,Mazda3 5-Door (SIL),Mid-size,2.5,4,M6,X,9,6.4,7.8,184,6
Mazda,Mazda3 5-Door 4WD,Mid-size,2.5,4,AS6,X,9,7,8.1,190,6
Mazda,Mazda3 5-Door Turbo 4WD,Mid-size,2.5,4,AS6,X,10.1,7.5,8.9,209,5
Mazda,MX-5,Two-seater,2,4,AS6,Z,9,6.6,7.9,186,6
Mazda,MX-5 (SIL),Two-seater,2,4,M6,Z,9,7,8.1,189,6
Mercedes-Benz,AMG C 43 4MATIC Cabriolet,Subcompact,3,6,A9,Z,13.3,9.2,11.4,268,4
Mercedes-Benz,AMG C 43 4MATIC Coupe,Subcompact,3,6,A9,Z,12.9,8.7,11,257,5
Mercedes-Benz,AMG CLA 35 4MATIC Coupe,Compact,2,4,AM7,Z,11.4,8.1,9.9,232,5
Mercedes-Benz,AMG CLA 45 4MATIC Coupe,Compact,2,4,AM8,Z,12,8.3,10.3,241,5
Mercedes-Benz,AMG CLS 53 4MATIC+ Coupe,Compact,3,6,A9,Z,11.6,8.8,10.3,241,5
Mercedes-Benz,AMG E 53 4MATIC+ Sedan,Mid-size,3,6,A9,Z,11,8.1,9.7,227,5
Mercedes-Benz,AMG E 53 4MATIC+ Cabriolet,Subcompact,3,6,A9,Z,11.6,8.7,10.3,242,5
Mercedes-Benz,AMG E 53 4MATIC+ Coupe,Subcompact,3,6,A9,Z,11.5,8.5,10.2,238,5
Mercedes-Benz,AMG GLA 35 4MATIC SUV,Station wagon: Small,2,4,AM8,Z,10.7,8,9.5,222,5
Mercedes-Benz,AMG GLA 45 4MATIC SUV,Station wagon: Small,2,4,AM8,Z,12.2,9.3,10.9,256,5
Mercedes-Benz,AMG GLB 35 4MATIC SUV,Station wagon: Mid-size,2,4,AM8,Z,11.3,8.7,10.2,238,5
Mercedes-Benz,AMG GLC 43 4MATIC Coupe,SUV: Small,3,6,A9,Z,13.5,9.7,11.8,274,4
Mercedes-Benz,AMG GLE 53 4MATIC+ SUV,SUV: Standard,3,6,A9,Z,13.4,10.7,12.2,284,4
Mercedes-Benz,AMG GLE 53 4MATIC+ Coupe,SUV: Standard,3,6,A9,Z,13.1,10.4,11.9,277,4
Mercedes-Benz,AMG GLE 63 S 4MATIC+ SUV,SUV: Standard,4,8,A9,Z,16.3,12.6,14.7,343,3
Mercedes-Benz,AMG GLE 63 S 4MATIC+ Coupe,SUV: Standard,4,8,A9,Z,16.5,12.8,14.8,347,3
Mercedes-Benz,AMG GLS 63 4MATIC+ SUV,SUV: Standard,4,8,A9,Z,16.6,13.2,15.1,354,3
Mercedes-Benz,AMG GT 53 4MATIC+ Coupe,Compact,3,6,A9,Z,12.3,9.8,11.2,262,4
Mercedes-Benz,C 300 4MATIC Cabriolet,Subcompact,2,4,A9,Z,11,7.8,9.5,223,5
Mercedes-Benz,C 300 4MATIC Coupe,Subcompact,2,4,A9,Z,10.7,7.6,9.3,218,5
Mercedes-Benz,C 300 4MATIC Sedan,Compact,2,4,A9,Z,9.8,7.1,8.6,201,6
Mercedes-Benz,CLA 250 4MATIC Coupe,Compact,2,4,AM7,Z,9.8,7,8.6,200,6
Mercedes-Benz,CLS 450 4MATIC Coupe,Compact,3,6,A9,Z,11,8.2,9.7,229,5
Mercedes-Benz,E 350 4MATIC Sedan,Mid-size,2,4,A9,Z,11.2,8,9.7,228,5
Mercedes-Benz,E 450 4MATIC Cabriolet,Subcompact,3,6,A9,Z,11.2,8.4,9.9,233,5
Mercedes-Benz,E 450 4MATIC Coupe,Subcompact,3,6,A9,Z,11,8,9.6,225,5
Mercedes-Benz,E 450 4MATIC Sedan,Mid-size,3,6,A9,Z,10.6,7.8,9.3,219,5
Mercedes-Benz,E 450 4MATIC All-Terrain Wagon,Station wagon: Mid-size,3,6,A9,Z,11.4,8.3,10,233,5
Mercedes-Benz,G 550 SUV,SUV: Standard,4,8,A9,Z,17.9,14.4,16.3,383,2
Mercedes-Benz,GLA 250 4MATIC SUV,SUV: Small,2,4,AM8,Z,10.3,7.3,9,210,5
Mercedes-Benz,GLB 250 4MATIC SUV,SUV: Small,2,4,AM8,Z,10.7,7.9,9.4,221,5
Mercedes-Benz,GLC 300 4MATIC Coupe,SUV: Small,2,4,A9,Z,12.2,9.2,10.9,253,5
Mercedes-Benz,GLE 350 4MATIC SUV,SUV: Standard,2,4,A9,Z,12.1,9.6,11,257,5
Mercedes-Benz,GLE 450 4MATIC SUV,SUV: Standard,3,6,A9,Z,11.5,9.3,10.5,245,5
Mercedes-Benz,GLE 450 4MATIC Coupe,SUV: Standard,3,6,A9,Z,11.7,9.2,10.5,247,5
Mercedes-Benz,GLS 450 4MATIC SUV,SUV: Standard,3,6,A9,Z,12.7,10.1,11.6,270,4
Mercedes-Benz,GLS 580 4MATIC SUV,SUV: Standard,4,8,A9,Z,14.9,11.2,13.2,310,4
Mercedes-Benz,GLS 600 4MATIC Maybach SUV,SUV: Standard,4,8,A9,Z,16.8,12.4,14.8,346,3
Mercedes-Benz,Maybach S 580 4MATIC Sedan,Full-size,4,8,A9,Z,15.9,9.6,13,305,4
Mercedes-Benz,Metris Cargo Van,Special purpose vehicle,2,4,A9,Z,12.6,10.4,11.6,271,4
Mercedes-Benz,Metris Cargo Van LWB,Special purpose vehicle,2,4,A9,Z,12.6,10.4,11.6,271,4
Mercedes-Benz,Metris Passenger Van,Special purpose vehicle,2,4,A9,Z,13.4,10.8,12.3,285,4
Mercedes-Benz,S 500 4MATIC Sedan,Full-size,3,6,A9,Z,12,8.4,10.4,242,5
Mercedes-Benz,S 580 4MATIC Sedan,Full-size,4,8,A9,Z,14.3,9.5,12.2,285,4
MINI,Cooper 3 Door,Subcompact,1.5,3,AM7,Z,8.2,6.2,7.3,170,6
MINI,Cooper 3 Door,Subcompact,1.5,3,M6,Z,8.6,6.3,7.6,177,6
MINI,Cooper 5 Door,Subcompact,1.5,3,AM7,Z,8.2,6.2,7.3,170,6
MINI,Cooper 5 Door,Subcompact,1.5,3,M6,Z,8.6,6.3,7.6,177,6
MINI,Cooper Clubman ALL4,Mid-size,1.5,3,AS8,Z,9.6,7.1,8.5,199,6
MINI,Cooper Convertible,Minicompact,1.5,3,AM7,Z,8.2,6.2,7.3,170,6
MINI,Cooper Convertible,Minicompact,1.5,3,M6,Z,8.6,6.3,7.6,177,6
MINI,Cooper Countryman,Mid-size,1.5,3,AM7,Z,9.1,7.3,8.3,194,6
MINI,Cooper Countryman ALL4,Mid-size,1.5,3,AS8,Z,10.1,7.6,9,209,5
MINI,Cooper S 3 Door,Subcompact,2,4,AM7,Z,8.5,6.2,7.5,174,6
MINI,Cooper S 3 Door,Subcompact,2,4,M6,Z,10.3,7,8.8,205,5
MINI,Cooper S 5 Door,Subcompact,2,4,AM7,Z,8.5,6.2,7.5,174,6
MINI,Cooper S 5 Door,Subcompact,2,4,M6,Z,10.3,7,8.8,205,5
MINI,Cooper S Clubman,Mid-size,2,4,AM7,Z,9.3,6.8,8.2,191,6
MINI,Cooper S Clubman,Mid-size,2,4,M6,Z,10.9,7.4,9.3,217,5
MINI,Cooper S Clubman ALL4,Mid-size,2,4,AS8,Z,10.1,7.3,8.9,206,5
MINI,Cooper S Convertible,Minicompact,2,4,AM7,Z,8.8,6.5,7.8,182,6
MINI,Cooper S Convertible,Minicompact,2,4,M6,Z,10.1,7.1,8.8,205,5
MINI,Cooper S Countryman,Mid-size,2,4,AM7,Z,9.7,7.2,8.5,199,6
MINI,Cooper S Countryman ALL4,Mid-size,2,4,AS8,Z,10.4,7.5,9.1,212,5
MINI,John Cooper Works 3 Door,Subcompact,2,4,AS8,Z,9.3,6.9,8.2,191,6
MINI,John Cooper Works 3 Door,Subcompact,2,4,M6,Z,10.7,7.5,9.3,216,5
MINI,John Cooper Works Clubman ALL4,Mid-size,2,4,AS8,Z,10.1,7.6,9,210,5
MINI,John Cooper Works Convertible,Minicompact,2,4,AS8,Z,9.7,7.2,8.6,200,6
MINI,John Cooper Works Countryman ALL4,Mid-size,2,4,AS8,Z,10,7.8,9,210,5
Mitsubishi,Eclipse Cross 4WD,SUV: Small,1.5,4,AV8,X,9.6,8.9,9.3,216,5
Mitsubishi,Mirage,Compact,1.2,3,AV,X,6.6,5.6,6.2,143,7
Mitsubishi,Mirage,Compact,1.2,3,M5,X,7.1,5.8,6.5,151,7
Mitsubishi,Outlander 4WD,SUV: Small,2.5,4,AV8,X,9.7,7.9,8.9,208,5
Mitsubishi,RVR,SUV: Small,2,4,AV6,X,9.7,7.8,8.9,207,5
Mitsubishi,RVR 4WD,SUV: Small,2,4,AV6,X,10,8.1,9.1,213,5
Mitsubishi,RVR 4WD,SUV: Small,2.4,4,AV6,X,10.3,8.3,9.4,218,5
Nissan,Altima AWD,Mid-size,2.5,4,AV,X,9.1,6.5,7.9,187,6
Nissan,Altima AWD SR/Platinum,Mid-size,2.5,4,AV,X,9.3,6.7,8.1,191,6
Nissan,Armada 4WD,SUV: Standard,5.6,8,AS7,Z,17.5,12.9,15.4,362,2
Nissan,Frontier,Pickup truck: Standard,3.8,6,AS9,X,12.5,9.3,11.1,260,4
Nissan,Frontier 4WD,Pickup truck: Standard,3.8,6,AS9,X,12.8,10.2,11.6,273,4
Nissan,Frontier 4WD Pro-4X,Pickup truck: Standard,3.8,6,AS9,X,13.3,10.5,12,283,4
Nissan,GT-R,Subcompact,3.8,6,AM6,Z,14.4,10.9,12.8,300,4
Nissan,Kicks,Mid-size,1.6,4,AV,X,7.7,6.6,7.2,169,6
Nissan,Maxima,Mid-size,3.5,6,AV7,Z,11.6,7.9,9.9,233,5
Nissan,Murano AWD,Station wagon: Mid-size,3.5,6,AV7,X,12,8.5,10.4,245,5
Nissan,Pathfinder 4WD,SUV: Small,3.5,6,AS9,X,11.6,9.2,10.5,246,5
Nissan,Pathfinder 4WD Rock Creek,SUV: Small,3.5,6,AS9,Z,11.9,10,11.1,260,4
Nissan,Qashqai,Station wagon: Small,2,4,AV8,X,8.6,7.3,8,188,6
Nissan,Qashqai AWD,Station wagon: Small,2,4,AV8,X,9,7.5,8.3,196,6
Nissan,Rogue,SUV: Small,1.5,3,AV8,X,7.8,6.5,7.2,170,6
Nissan,Rogue,SUV: Small,2.5,4,AV8,X,9,7.1,8.1,190,6
Nissan,Rogue AWD,SUV: Small,1.5,3,AV8,X,8.4,6.7,7.6,179,6
Nissan,Rogue AWD SL/Platinum,SUV: Small,1.5,3,AV8,X,8.4,6.8,7.7,181,6
Nissan,Rogue AWD,SUV: Small,2.5,4,AV8,X,9.2,7.2,8.3,195,6
Nissan,Sentra,Mid-size,2,4,AV,X,8,6,7.1,167,6
Nissan,Sentra SR,Mid-size,2,4,AV,X,8.2,6.1,7.3,171,6
Nissan,Sentra,Mid-size,2,4,M6,X,9.2,6.2,7.9,185,6
Nissan,Sentra SR,Mid-size,2,4,M6,X,9.4,6.4,8.1,189,6
Nissan,Versa,Compact,1.6,4,AV,X,7.4,5.9,6.7,158,7
Nissan,Versa,Compact,1.6,4,M5,X,8.6,6.7,7.7,181,6
Nissan,Z,Two-seater,3,6,AS9,Z,12.3,8.6,10.6,249,5
Nissan,Z,Two-seater,3,6,M6,Z,13.4,10,11.9,280,4
Ram,1500 eTorque,Pickup truck: Standard,3.6,6,A8,X,11.9,9.4,10.8,253,5
Ram,1500 eTorque,Pickup truck: Standard,5.7,8,A8,X,13,10,11.7,275,4
Ram,1500 4X4 EcoDiesel,Pickup truck: Standard,3,6,A8,D,11.1,8,9.7,260,4
Ram,1500 4X4 eTorque,Pickup truck: Standard,3.6,6,A8,X,12.1,9.7,11,259,4
Ram,1500 4X4,Pickup truck: Standard,5.7,8,A8,X,16.1,11,13.8,325,3
Ram,1500 4X4 eTorque,Pickup truck: Standard,5.7,8,A8,X,13.5,10.5,12.1,284,4
Ram,1500 4X4 TRX,Pickup truck: Standard,6.2,8,A8,Z,22.4,16.5,19.8,465,1
Ram,1500 Classic,Pickup truck: Standard,3.6,6,A8,X,13.6,9.5,11.7,276,4
Ram,1500 Classic,Pickup truck: Standard,5.7,8,A8,X,16.1,11.1,13.8,322,3
Ram,1500 Classic 4X4,Pickup truck: Standard,3.6,6,A8,X,14.5,10.1,12.5,294,4
Ram,1500 Classic 4X4,Pickup truck: Standard,5.7,8,A8,X,16.2,11.6,14.1,330,3
Rolls-Royce,Cullinan,Station wagon: Mid-size,6.7,12,AS8,Z,20.1,12.4,16.6,389,2
Rolls-Royce,Cullinan Black Badge,Station wagon: Mid-size,6.7,12,AS8,Z,20.1,12.4,16.6,389,2
Rolls-Royce,Ghost,Full-size,6.7,12,AS8,Z,19.9,12.7,16.7,388,2
Rolls-Royce,Ghost Black Badge,Full-size,6.7,12,AS8,Z,19.9,12.7,16.7,388,2
Rolls-Royce,Ghost Extended,Full-size,6.7,12,AS8,Z,19.9,12.7,16.7,388,2
Rolls-Royce,Phantom,Full-size,6.7,12,AS8,Z,20.2,13.1,17,397,2
Rolls-Royce,Phantom Extended,Full-size,6.7,12,AS8,Z,20.2,13.1,17,397,2
Subaru,Ascent AWD,SUV: Standard,2.4,4,AV8,X,12.3,9.4,11,256,5
Subaru,BRZ,Minicompact,2.4,4,AS6,Z,11,7.7,9.5,224,5
Subaru,BRZ,Minicompact,2.4,4,M6,Z,12,8.8,10.5,247,5
Subaru,Crosstrek AWD,SUV: Small,2,4,AV8,X,8.5,7,7.9,184,6
Subaru,Crosstrek AWD,SUV: Small,2,4,M6,X,10.5,8.1,9.4,220,5
Subaru,Crosstrek AWD,SUV: Small,2.5,4,AV8,X,8.8,7,8,187,6
Subaru,Forester AWD,SUV: Small,2.5,4,AV7,X,9,7.2,8.2,192,6
Subaru,Forester Wilderness AWD,SUV: Small,2.5,4,AV8,X,9.5,8.3,9,210,5
Subaru,Impreza 5-Door AWD,Station wagon: Small,2,4,AV7,X,8.4,6.6,7.6,178,6
Subaru,Impreza 5-Door AWD,Station wagon: Small,2,4,M5,X,10.1,7.7,9,211,5
Subaru,Legacy AWD,Full-size,2.4,4,AV8,X,10.1,7.5,9,209,5
Subaru,Legacy AWD,Full-size,2.5,4,AV8,X,8.7,6.7,7.8,183,6
Subaru,Outback AWD,SUV: Small,2.4,4,AV8,X,10.6,8.1,9.5,221,5
Subaru,Outback AWD,SUV: Small,2.5,4,AV8,X,9.2,7.3,8.3,195,6
Subaru,Outback Wilderness AWD,SUV: Small,2.4,4,AV8,X,11,9,10.1,235,5
Subaru,WRX AWD,Mid-size,2.4,4,AV8,Z,12.7,9.4,11.2,262,4
Subaru,WRX AWD,Mid-size,2.4,4,M6,Z,12.3,9,10.8,254,5
Toyota,4Runner 4WD,SUV: Standard,4,6,AS5,X,14.9,12.6,13.8,323,3
Toyota,4Runner 4WD (Part-Time 4WD),SUV: Standard,4,6,AS5,X,14.8,12.5,13.8,320,3
Toyota,Camry SE,Mid-size,2.5,4,AS8,X,8.5,6.1,7.4,174,6
Toyota,Camry XSE V6/TRD,Mid-size,3.5,6,AS8,X,10.8,7.6,9.4,220,5
Toyota,Camry AWD SE,Mid-size,2.5,4,AS8,X,9.4,6.8,8.2,192,6
Toyota,Camry AWD XSE,Mid-size,2.5,4,AS8,X,9.5,7,8.4,195,6
Toyota,Camry Hybrid LE,Mid-size,2.5,4,AV6,X,4.9,4.8,4.9,113,8
Toyota,Camry Hybrid SE/XLE/XSE,Mid-size,2.5,4,AV6,X,5.3,5,5.1,121,8
Toyota,Corolla (1-mode),Compact,2,4,AV10,X,7.4,5.7,6.7,158,7
Toyota,Corolla (3-mode),Compact,2,4,AV10,X,7.6,5.9,6.8,160,7
Toyota,Corolla Hatchback,Compact,2,4,AV10,X,7.5,5.9,6.8,159,7
Toyota,Corolla Hybrid,Compact,1.8,4,AV,X,4.4,5.1,4.7,110,8
Toyota,Corolla Hybrid AWD (2-mode),Compact,1.8,4,AV,X,4.6,5.3,4.9,115,8
Toyota,Corolla Hybrid AWD (3-mode),Compact,1.8,4,AV,X,5,5.7,5.3,124,8
Toyota,Corolla Cross,SUV: Small,2,4,AV10,X,7.6,7,7.3,171,6
Toyota,Corolla Cross AWD,SUV: Small,2,4,AV10,X,8.1,7.4,7.8,182,6
Toyota,Crown AWD,Mid-size,2.4,4,AS6,X,8.1,7.3,7.8,182,6
Toyota,Crown AWD,Mid-size,2.5,4,AV,X,5.6,5.7,5.7,133,8
Toyota,GR Corolla,Subcompact,1.6,3,M6,Z,11.1,8.3,9.8,229,5
Toyota,GR Supra 2.0,Two-seater,2,4,AS8,Z,9.3,7.7,8.6,200,6
Toyota,GR Supra 3.0,Two-seater,3,6,AS8,Z,10.2,7.7,9.1,212,5
Toyota,GR Supra 3.0,Two-seater,3,6,M6,Z,12.7,8.8,10.9,255,5
Toyota,GR86,Minicompact,2.4,4,AS6,Z,11.1,7.7,9.6,225,5
Toyota,GR86,Minicompact,2.4,4,M6,Z,11.9,8.7,10.5,247,5
Toyota,Highlander AWD,SUV: Small,2.4,4,AS8,X,11,8.4,9.9,231,5
Toyota,Highlander Hybrid AWD,SUV: Standard,2.5,4,AV,X,6.7,6.8,6.7,158,7
Toyota,Highlander Hybrid AWD Limited/Platinum,SUV: Standard,2.5,4,AV,X,6.6,6.8,6.7,156,7
Toyota,RAV4,SUV: Small,2.5,4,AS8,X,8.8,6.8,7.9,184,6
Toyota,RAV4 AWD,SUV: Small,2.5,4,AS8,X,9.5,7.2,8.5,199,6
Toyota,RAV4 AWD (Stop/Start),SUV: Small,2.5,4,AS8,X,8.8,7.1,8,187,6
Toyota,RAV4 AWD LE,SUV: Small,2.5,4,AS8,X,8.7,6.9,7.9,184,6
Toyota,RAV4 Hybrid AWD,SUV: Small,2.5,4,AV,X,5.8,6.3,6,141,7
Toyota,Sequoia 4WD,SUV: Standard,3.4,6,AS10,X,12.6,10.5,11.7,273,4
Toyota,Sienna,Minivan,2.5,4,AV,X,6.6,6.5,6.6,154,7
Toyota,Sienna AWD,Minivan,2.5,4,AV,X,6.8,6.6,6.7,158,7
Toyota,Tacoma 4WD,Pickup truck: Small,3.5,6,AS6,X,13,10.5,11.9,278,4
Toyota,Tacoma 4WD,Pickup truck: Small,3.5,6,M6,X,13.8,11.4,12.7,299,4
Toyota,Tacoma 4WD D-Cab TRD Off-Road/PRO,Pickup truck: Small,3.5,6,M6,X,13.8,11.7,12.9,300,4
Toyota,Tundra,Pickup truck: Standard,3.4,6,AS10,X,13.1,10.1,11.8,277,4
Toyota,Tundra 4WD,Pickup truck: Standard,3.4,6,AS10,X,13.6,10.4,12.2,285,4
Toyota,Tundra 4WD TRD,Pickup truck: Standard,3.4,6,AS10,X,13.5,10.6,12.2,286,4
Toyota,Tundra Hybrid 4WD,Pickup truck: Standard,3.4,6,AS10,X,12.7,10.5,11.7,274,4
Toyota,Tundra Hybrid 4WD TRD PRO,Pickup truck: Standard,3.4,6,AS10,X,12.9,11.6,12.3,287,4
Toyota,Venza AWD,SUV: Small,2.5,4,AV,X,5.9,6.4,6.1,142,7
Volkswagen,Atlas,SUV: Small,2,4,AS8,X,11,9.3,10.2,240,5
Volkswagen,Atlas 4MOTION,SUV: Small,2,4,AS8,X,11.8,9.8,10.9,255,5
Volkswagen,Atlas 4MOTION,SUV: Small,3.6,6,AS8,X,13.4,10.1,11.9,279,4
Volkswagen,Atlas Cross Sport,SUV: Small,2,4,AS8,X,11,9.6,10.3,243,5
Volkswagen,Atlas Cross Sport 4MOTION,SUV: Small,2,4,AS8,X,11.8,9.8,10.9,256,5
Volkswagen,Atlas Cross Sport 4MOTION,SUV: Small,3.6,6,AS8,X,13.1,10,11.7,275,4
Volkswagen,Golf GTI,Compact,2,4,AM7,X,9.7,7,8.5,198,6
Volkswagen,Golf GTI,Compact,2,4,M6,X,10,7.3,8.8,205,5
Volkswagen,Golf R,Compact,2,4,A7,Z,10.3,7.7,9.1,213,5
Volkswagen,Golf R,Compact,2,4,M6,Z,11.8,8.3,10.2,237,5
Volkswagen,Jetta,Compact,1.5,4,AS8,X,7.7,5.7,6.8,159,7
Volkswagen,Jetta Comfortline/Highline,Compact,1.5,4,AS8,X,8.1,5.8,7.1,167,6
Volkswagen,Jetta,Compact,1.5,4,M6,X,8.2,5.6,7,165,7
Volkswagen,Jetta GLI,Compact,2,4,AM7,X,9,6.5,7.9,185,6
Volkswagen,Jetta GLI,Compact,2,4,M6,X,9.1,6.4,7.9,186,6
Volkswagen,Taos,SUV: Small,1.5,4,AS8,X,8.4,6.6,7.6,178,6
Volkswagen,Taos 4MOTION,SUV: Small,1.5,4,AM7,X,9.5,7.4,8.5,200,6
Volkswagen,Tiguan 4MOTION,SUV: Small,2,4,AS8,X,10.6,8,9.4,222,5
Volkswagen,Tiguan R-Line 4MOTION,SUV: Small,2,4,AS8,X,11,8.3,9.8,229,5
Volvo,S60 B5,Compact,2,4,AS8,Z,9,6.7,8,186,6
Volvo,S60 B5 AWD,Compact,2,4,AS8,Z,9.4,6.9,8.3,193,6
Volvo,S90 B6 AWD,Mid-size,2,4,AS8,Z,10.3,7.5,9,211,5
Volvo,V60 B6 AWD,Station wagon: Small,2,4,AS8,Z,10.3,7.6,9.1,212,5
Volvo,V60 CC B5 AWD,Station wagon: Small,2,4,AS8,Z,10.1,7.7,9,211,5
Volvo,V90 CC B6 AWD,Station wagon: Mid-size,2,4,AS8,Z,10.9,8.3,9.7,227,5
Volvo,XC40 B4 AWD,SUV: Small,2,4,AS8,Z,10,7.6,8.9,208,5
Volvo,XC40 B5 AWD,SUV: Small,2,4,AS8,Z,10.2,7.9,9.2,215,5
Volvo,XC60 B5 AWD,SUV: Small,2,4,AS8,Z,10.3,8.2,9.4,218,5
Volvo,XC60 B6 AWD,SUV: Small,2,4,AS8,Z,11.1,8.7,10,233,5
Volvo,XC90 B5 AWD,SUV: Standard,2,4,AS8,Z,10.5,8.4,9.6,223,5
Volvo,XC90 B6 AWD,SUV: Standard,2,4,AS8,Z,11.9,9.1,10.6,249,5
